chrom	pos	ref	alt	truth_gt	truth_qual	total_depth	usable_ref_alt_depth	ref_count	alt_count	other_count	alt_fraction	balance_distance	ref_forward	ref_reverse	alt_forward	alt_reverse	strand_supported	mean_base_quality	mean_mapping_quality	ref_read_ids	alt_read_ids	other_read_ids	sequence_context_21bp	target_homopolymer_run	max_context_homopolymer	context_gc_fraction	distance_from_original	original_alt_overlap_count	original_alt_jaccard	selection_status	candidate_score
chr20	10002468	G	A	0/1	50.0	34	34	20	14	0	0.4117647058823529	0.08823529411764708	9	11	6	8	1	41.26470588235294	60	00533577-803b-48cd-814e-adfa3e058d91,079537d5-2cc4-41c6-97d7-85e9923fb298,199fcf4a-a100-4779-b89e-c80f4793cdfc,1de25dab-c1cd-4c85-9b97-0104f8f411a5,26efcc36-d025-471e-933a-e57a2447c465,52db24c7-d0ea-41ef-ad37-b189842eecb6,642baa4b-ae5d-4d54-b5db-1e0cd24631b1,6601f549-7526-41de-88c5-de446e05772e,72209365-d223-4c87-9ba5-63376a9170fd,7c1164dc-2545-441b-ab5d-11227989dfe6,8a2bf593-2ce9-4976-a7e2-eba7641ee55a,9a90548e-31da-4b38-aba0-8b9f7a75e936,9d796ae7-6945-4d1e-abb4-7bdce517a96d,9f533136-3691-4e8d-8c12-6b083479fd05,a634b28d-7579-4d22-b746-c799d1222281,ba8d2243-2979-4ca1-8f4b-ba27a001369f,cb0e7285-3c4a-461b-8540-7f0a3fda312c,cd614b6d-f2dd-44c4-a587-00afd971c13a,d82bf195-bf2d-40cc-9860-ff07ebb5a49b,e7f01a96-5fbc-463c-9f12-f4e323ea44f3	056e1e32-798a-4c3c-b689-7fc85b61e685,1048f052-78a6-4365-b963-158646e0873d,1cfe4922-26dd-46c1-aac3-7fc45b47fbc6,3071c67a-4df2-4938-abd9-cb2c2c1698ec,30f0746e-65be-4ce2-ab62-fadd28e3722a,485ec638-968d-43c0-a1e5-dc895c15c952,581a2e54-d186-4284-8fc6-70f011c91ebe,5fd6c07b-d5ac-49ed-ac34-9880f5e6d568,85a2e69f-c892-4fa0-a654-791d8b3c61ea,96199b55-77c7-4282-a961-e39c4f657f17,9c90b2fc-01c4-4ed7-a306-55ca626d7301,b87605a9-c5bf-4a28-bb0e-6d5a01153bb2,c522d0dc-011f-4d24-8f6c-16cbf5a3b033,cf7d1455-4905-4050-b960-63ec455e17f4		AGCCGAGATTGTGCCACTGCA	1	2	0.571429	1000	0	0.000000	PASS	162.776471
chr20	10002243	T	C	0/1	50.0	35	35	21	14	0	0.4	0.09999999999999998	10	11	6	8	1	42.285714285714285	60	00533577-803b-48cd-814e-adfa3e058d91,079537d5-2cc4-41c6-97d7-85e9923fb298,199fcf4a-a100-4779-b89e-c80f4793cdfc,1de25dab-c1cd-4c85-9b97-0104f8f411a5,26efcc36-d025-471e-933a-e57a2447c465,52db24c7-d0ea-41ef-ad37-b189842eecb6,5e07e48c-cd07-4b70-82ae-947dfe720e48,642baa4b-ae5d-4d54-b5db-1e0cd24631b1,6601f549-7526-41de-88c5-de446e05772e,72209365-d223-4c87-9ba5-63376a9170fd,7c1164dc-2545-441b-ab5d-11227989dfe6,8a2bf593-2ce9-4976-a7e2-eba7641ee55a,9a90548e-31da-4b38-aba0-8b9f7a75e936,9d796ae7-6945-4d1e-abb4-7bdce517a96d,9f533136-3691-4e8d-8c12-6b083479fd05,a634b28d-7579-4d22-b746-c799d1222281,ba8d2243-2979-4ca1-8f4b-ba27a001369f,cb0e7285-3c4a-461b-8540-7f0a3fda312c,cd614b6d-f2dd-44c4-a587-00afd971c13a,d82bf195-bf2d-40cc-9860-ff07ebb5a49b,e7f01a96-5fbc-463c-9f12-f4e323ea44f3	056e1e32-798a-4c3c-b689-7fc85b61e685,1048f052-78a6-4365-b963-158646e0873d,1cfe4922-26dd-46c1-aac3-7fc45b47fbc6,3071c67a-4df2-4938-abd9-cb2c2c1698ec,30f0746e-65be-4ce2-ab62-fadd28e3722a,485ec638-968d-43c0-a1e5-dc895c15c952,581a2e54-d186-4284-8fc6-70f011c91ebe,5fd6c07b-d5ac-49ed-ac34-9880f5e6d568,85a2e69f-c892-4fa0-a654-791d8b3c61ea,96199b55-77c7-4282-a961-e39c4f657f17,9c90b2fc-01c4-4ed7-a306-55ca626d7301,b87605a9-c5bf-4a28-bb0e-6d5a01153bb2,c522d0dc-011f-4d24-8f6c-16cbf5a3b033,cf7d1455-4905-4050-b960-63ec455e17f4		TAGTGGCTCATGCCTGTAATT	1	2	0.428571	1225	0	0.000000	PASS	162.000000
chr20	10002333	A	G	0/1	50.0	35	35	21	14	0	0.4	0.09999999999999998	10	11	6	8	1	42.285714285714285	60	00533577-803b-48cd-814e-adfa3e058d91,079537d5-2cc4-41c6-97d7-85e9923fb298,199fcf4a-a100-4779-b89e-c80f4793cdfc,1de25dab-c1cd-4c85-9b97-0104f8f411a5,26efcc36-d025-471e-933a-e57a2447c465,52db24c7-d0ea-41ef-ad37-b189842eecb6,5e07e48c-cd07-4b70-82ae-947dfe720e48,642baa4b-ae5d-4d54-b5db-1e0cd24631b1,6601f549-7526-41de-88c5-de446e05772e,72209365-d223-4c87-9ba5-63376a9170fd,7c1164dc-2545-441b-ab5d-11227989dfe6,8a2bf593-2ce9-4976-a7e2-eba7641ee55a,9a90548e-31da-4b38-aba0-8b9f7a75e936,9d796ae7-6945-4d1e-abb4-7bdce517a96d,9f533136-3691-4e8d-8c12-6b083479fd05,a634b28d-7579-4d22-b746-c799d1222281,ba8d2243-2979-4ca1-8f4b-ba27a001369f,cb0e7285-3c4a-461b-8540-7f0a3fda312c,cd614b6d-f2dd-44c4-a587-00afd971c13a,d82bf195-bf2d-40cc-9860-ff07ebb5a49b,e7f01a96-5fbc-463c-9f12-f4e323ea44f3	056e1e32-798a-4c3c-b689-7fc85b61e685,1048f052-78a6-4365-b963-158646e0873d,1cfe4922-26dd-46c1-aac3-7fc45b47fbc6,3071c67a-4df2-4938-abd9-cb2c2c1698ec,30f0746e-65be-4ce2-ab62-fadd28e3722a,485ec638-968d-43c0-a1e5-dc895c15c952,581a2e54-d186-4284-8fc6-70f011c91ebe,5fd6c07b-d5ac-49ed-ac34-9880f5e6d568,85a2e69f-c892-4fa0-a654-791d8b3c61ea,96199b55-77c7-4282-a961-e39c4f657f17,9c90b2fc-01c4-4ed7-a306-55ca626d7301,b87605a9-c5bf-4a28-bb0e-6d5a01153bb2,c522d0dc-011f-4d24-8f6c-16cbf5a3b033,cf7d1455-4905-4050-b960-63ec455e17f4		GTGAAACCCTATCTCTACTAA	1	3	0.380952	1135	0	0.000000	PASS	162.000000
chr20	10002332	T	C	0/1	50.0	33	33	20	13	0	0.3939393939393939	0.10606060606060608	10	10	6	7	1	41.84848484848485	60	00533577-803b-48cd-814e-adfa3e058d91,079537d5-2cc4-41c6-97d7-85e9923fb298,199fcf4a-a100-4779-b89e-c80f4793cdfc,1de25dab-c1cd-4c85-9b97-0104f8f411a5,26efcc36-d025-471e-933a-e57a2447c465,52db24c7-d0ea-41ef-ad37-b189842eecb6,5e07e48c-cd07-4b70-82ae-947dfe720e48,6601f549-7526-41de-88c5-de446e05772e,72209365-d223-4c87-9ba5-63376a9170fd,7c1164dc-2545-441b-ab5d-11227989dfe6,8a2bf593-2ce9-4976-a7e2-eba7641ee55a,9a90548e-31da-4b38-aba0-8b9f7a75e936,9d796ae7-6945-4d1e-abb4-7bdce517a96d,9f533136-3691-4e8d-8c12-6b083479fd05,a634b28d-7579-4d22-b746-c799d1222281,ba8d2243-2979-4ca1-8f4b-ba27a001369f,cb0e7285-3c4a-461b-8540-7f0a3fda312c,cd614b6d-f2dd-44c4-a587-00afd971c13a,d82bf195-bf2d-40cc-9860-ff07ebb5a49b,e7f01a96-5fbc-463c-9f12-f4e323ea44f3	056e1e32-798a-4c3c-b689-7fc85b61e685,1048f052-78a6-4365-b963-158646e0873d,1cfe4922-26dd-46c1-aac3-7fc45b47fbc6,3071c67a-4df2-4938-abd9-cb2c2c1698ec,30f0746e-65be-4ce2-ab62-fadd28e3722a,485ec638-968d-43c0-a1e5-dc895c15c952,581a2e54-d186-4284-8fc6-70f011c91ebe,5fd6c07b-d5ac-49ed-ac34-9880f5e6d568,85a2e69f-c892-4fa0-a654-791d8b3c61ea,96199b55-77c7-4282-a961-e39c4f657f17,9c90b2fc-01c4-4ed7-a306-55ca626d7301,c522d0dc-011f-4d24-8f6c-16cbf5a3b033,cf7d1455-4905-4050-b960-63ec455e17f4		AGTGAAACCCTATCTCTACTA	1	3	0.380952	1136	0	0.000000	PASS	160.593939
chr20	10006496	T	C	0/1	50.0	36	36	22	14	0	0.3888888888888889	0.1111111111111111	11	11	6	8	1	32.388888888888886	60	00533577-803b-48cd-814e-adfa3e058d91,079537d5-2cc4-41c6-97d7-85e9923fb298,199fcf4a-a100-4779-b89e-c80f4793cdfc,1de25dab-c1cd-4c85-9b97-0104f8f411a5,1e9a0378-af6a-4ace-896f-6bd0fa149f46,26efcc36-d025-471e-933a-e57a2447c465,52db24c7-d0ea-41ef-ad37-b189842eecb6,5e07e48c-cd07-4b70-82ae-947dfe720e48,642baa4b-ae5d-4d54-b5db-1e0cd24631b1,6601f549-7526-41de-88c5-de446e05772e,72209365-d223-4c87-9ba5-63376a9170fd,7c1164dc-2545-441b-ab5d-11227989dfe6,9a90548e-31da-4b38-aba0-8b9f7a75e936,9f533136-3691-4e8d-8c12-6b083479fd05,a634b28d-7579-4d22-b746-c799d1222281,a8819ff7-3e34-4ef4-895b-cd1c64419911,ba8d2243-2979-4ca1-8f4b-ba27a001369f,cb0e7285-3c4a-461b-8540-7f0a3fda312c,cd614b6d-f2dd-44c4-a587-00afd971c13a,d82bf195-bf2d-40cc-9860-ff07ebb5a49b,e7f01a96-5fbc-463c-9f12-f4e323ea44f3,ee7baefc-3cc4-4da7-b0d2-01bbee4b7441	056e1e32-798a-4c3c-b689-7fc85b61e685,1048f052-78a6-4365-b963-158646e0873d,1cfe4922-26dd-46c1-aac3-7fc45b47fbc6,3071c67a-4df2-4938-abd9-cb2c2c1698ec,30f0746e-65be-4ce2-ab62-fadd28e3722a,485ec638-968d-43c0-a1e5-dc895c15c952,581a2e54-d186-4284-8fc6-70f011c91ebe,7cf5feb0-df82-4a49-ad56-407638f6fd20,85a2e69f-c892-4fa0-a654-791d8b3c61ea,96199b55-77c7-4282-a961-e39c4f657f17,9c90b2fc-01c4-4ed7-a306-55ca626d7301,b87605a9-c5bf-4a28-bb0e-6d5a01153bb2,c522d0dc-011f-4d24-8f6c-16cbf5a3b033,cf7d1455-4905-4050-b960-63ec455e17f4		ATTACTTTTATGTTTTGTTCT	1	4	0.190476	3028	0	0.000000	PASS	154.200000
chr20	10005758	C	T	0/1	50.0	35	35	15	20	0	0.5714285714285714	0.0714285714285714	7	8	10	10	1	31.771428571428572	60	056e1e32-798a-4c3c-b689-7fc85b61e685,1048f052-78a6-4365-b963-158646e0873d,1cfe4922-26dd-46c1-aac3-7fc45b47fbc6,3071c67a-4df2-4938-abd9-cb2c2c1698ec,30f0746e-65be-4ce2-ab62-fadd28e3722a,485ec638-968d-43c0-a1e5-dc895c15c952,581a2e54-d186-4284-8fc6-70f011c91ebe,5fd6c07b-d5ac-49ed-ac34-9880f5e6d568,7cf5feb0-df82-4a49-ad56-407638f6fd20,85a2e69f-c892-4fa0-a654-791d8b3c61ea,96199b55-77c7-4282-a961-e39c4f657f17,9c90b2fc-01c4-4ed7-a306-55ca626d7301,b87605a9-c5bf-4a28-bb0e-6d5a01153bb2,c522d0dc-011f-4d24-8f6c-16cbf5a3b033,cf7d1455-4905-4050-b960-63ec455e17f4	00533577-803b-48cd-814e-adfa3e058d91,079537d5-2cc4-41c6-97d7-85e9923fb298,199fcf4a-a100-4779-b89e-c80f4793cdfc,1de25dab-c1cd-4c85-9b97-0104f8f411a5,1e9a0378-af6a-4ace-896f-6bd0fa149f46,26efcc36-d025-471e-933a-e57a2447c465,52db24c7-d0ea-41ef-ad37-b189842eecb6,642baa4b-ae5d-4d54-b5db-1e0cd24631b1,6601f549-7526-41de-88c5-de446e05772e,72209365-d223-4c87-9ba5-63376a9170fd,9a90548e-31da-4b38-aba0-8b9f7a75e936,9f533136-3691-4e8d-8c12-6b083479fd05,a634b28d-7579-4d22-b746-c799d1222281,a8819ff7-3e34-4ef4-895b-cd1c64419911,ba8d2243-2979-4ca1-8f4b-ba27a001369f,cb0e7285-3c4a-461b-8540-7f0a3fda312c,cd614b6d-f2dd-44c4-a587-00afd971c13a,d82bf195-bf2d-40cc-9860-ff07ebb5a49b,e7f01a96-5fbc-463c-9f12-f4e323ea44f3,ee7baefc-3cc4-4da7-b0d2-01bbee4b7441		GAGACTGAAACTCTGGAGGAT	1	3	0.476190	2290	9	0.409091	PASS	148.047011
chr20	10002652	T	C	0/1	50.0	31	31	19	12	0	0.3870967741935484	0.11290322580645162	9	10	4	8	1	28.967741935483872	60	00533577-803b-48cd-814e-adfa3e058d91,079537d5-2cc4-41c6-97d7-85e9923fb298,199fcf4a-a100-4779-b89e-c80f4793cdfc,26efcc36-d025-471e-933a-e57a2447c465,5e07e48c-cd07-4b70-82ae-947dfe720e48,5fd6c07b-d5ac-49ed-ac34-9880f5e6d568,642baa4b-ae5d-4d54-b5db-1e0cd24631b1,6601f549-7526-41de-88c5-de446e05772e,72209365-d223-4c87-9ba5-63376a9170fd,7c1164dc-2545-441b-ab5d-11227989dfe6,8a2bf593-2ce9-4976-a7e2-eba7641ee55a,9d796ae7-6945-4d1e-abb4-7bdce517a96d,9f533136-3691-4e8d-8c12-6b083479fd05,a634b28d-7579-4d22-b746-c799d1222281,ba8d2243-2979-4ca1-8f4b-ba27a001369f,cb0e7285-3c4a-461b-8540-7f0a3fda312c,cd614b6d-f2dd-44c4-a587-00afd971c13a,d82bf195-bf2d-40cc-9860-ff07ebb5a49b,e7f01a96-5fbc-463c-9f12-f4e323ea44f3	056e1e32-798a-4c3c-b689-7fc85b61e685,1048f052-78a6-4365-b963-158646e0873d,1cfe4922-26dd-46c1-aac3-7fc45b47fbc6,3071c67a-4df2-4938-abd9-cb2c2c1698ec,30f0746e-65be-4ce2-ab62-fadd28e3722a,485ec638-968d-43c0-a1e5-dc895c15c952,581a2e54-d186-4284-8fc6-70f011c91ebe,85a2e69f-c892-4fa0-a654-791d8b3c61ea,96199b55-77c7-4282-a961-e39c4f657f17,b87605a9-c5bf-4a28-bb0e-6d5a01153bb2,c522d0dc-011f-4d24-8f6c-16cbf5a3b033,cf7d1455-4905-4050-b960-63ec455e17f4		TGGGTGGAGATTGGAAGAAAC	2	3	0.476190	816	0	0.000000	PASS	134.283871
chr20	10005015	G	A	0/1	50.0	34	34	15	19	0	0.5588235294117647	0.05882352941176472	7	8	9	10	1	28.5	60	056e1e32-798a-4c3c-b689-7fc85b61e685,1048f052-78a6-4365-b963-158646e0873d,1cfe4922-26dd-46c1-aac3-7fc45b47fbc6,3071c67a-4df2-4938-abd9-cb2c2c1698ec,30f0746e-65be-4ce2-ab62-fadd28e3722a,485ec638-968d-43c0-a1e5-dc895c15c952,581a2e54-d186-4284-8fc6-70f011c91ebe,5fd6c07b-d5ac-49ed-ac34-9880f5e6d568,7cf5feb0-df82-4a49-ad56-407638f6fd20,85a2e69f-c892-4fa0-a654-791d8b3c61ea,96199b55-77c7-4282-a961-e39c4f657f17,9c90b2fc-01c4-4ed7-a306-55ca626d7301,b87605a9-c5bf-4a28-bb0e-6d5a01153bb2,c522d0dc-011f-4d24-8f6c-16cbf5a3b033,cf7d1455-4905-4050-b960-63ec455e17f4	00533577-803b-48cd-814e-adfa3e058d91,079537d5-2cc4-41c6-97d7-85e9923fb298,199fcf4a-a100-4779-b89e-c80f4793cdfc,1de25dab-c1cd-4c85-9b97-0104f8f411a5,26efcc36-d025-471e-933a-e57a2447c465,52db24c7-d0ea-41ef-ad37-b189842eecb6,5e07e48c-cd07-4b70-82ae-947dfe720e48,642baa4b-ae5d-4d54-b5db-1e0cd24631b1,6601f549-7526-41de-88c5-de446e05772e,72209365-d223-4c87-9ba5-63376a9170fd,7c1164dc-2545-441b-ab5d-11227989dfe6,9a90548e-31da-4b38-aba0-8b9f7a75e936,9f533136-3691-4e8d-8c12-6b083479fd05,a634b28d-7579-4d22-b746-c799d1222281,a8819ff7-3e34-4ef4-895b-cd1c64419911,ba8d2243-2979-4ca1-8f4b-ba27a001369f,cb0e7285-3c4a-461b-8540-7f0a3fda312c,d82bf195-bf2d-40cc-9860-ff07ebb5a49b,e7f01a96-5fbc-463c-9f12-f4e323ea44f3		TTTCTCAGTGGTGGAGGAATT	2	3	0.428571	1547	10	0.500000	PASS	132.017647
chr20	10006628	C	T	0/1	50.0	36	35	21	14	1	0.4	0.09999999999999998	11	10	6	8	1	33.083333333333336	60	00533577-803b-48cd-814e-adfa3e058d91,079537d5-2cc4-41c6-97d7-85e9923fb298,199fcf4a-a100-4779-b89e-c80f4793cdfc,1de25dab-c1cd-4c85-9b97-0104f8f411a5,1e9a0378-af6a-4ace-896f-6bd0fa149f46,26efcc36-d025-471e-933a-e57a2447c465,52db24c7-d0ea-41ef-ad37-b189842eecb6,5e07e48c-cd07-4b70-82ae-947dfe720e48,6601f549-7526-41de-88c5-de446e05772e,72209365-d223-4c87-9ba5-63376a9170fd,7c1164dc-2545-441b-ab5d-11227989dfe6,9a90548e-31da-4b38-aba0-8b9f7a75e936,9f533136-3691-4e8d-8c12-6b083479fd05,a634b28d-7579-4d22-b746-c799d1222281,a8819ff7-3e34-4ef4-895b-cd1c64419911,ba8d2243-2979-4ca1-8f4b-ba27a001369f,cb0e7285-3c4a-461b-8540-7f0a3fda312c,cd614b6d-f2dd-44c4-a587-00afd971c13a,d82bf195-bf2d-40cc-9860-ff07ebb5a49b,e7f01a96-5fbc-463c-9f12-f4e323ea44f3,ee7baefc-3cc4-4da7-b0d2-01bbee4b7441	056e1e32-798a-4c3c-b689-7fc85b61e685,1048f052-78a6-4365-b963-158646e0873d,1cfe4922-26dd-46c1-aac3-7fc45b47fbc6,3071c67a-4df2-4938-abd9-cb2c2c1698ec,30f0746e-65be-4ce2-ab62-fadd28e3722a,485ec638-968d-43c0-a1e5-dc895c15c952,581a2e54-d186-4284-8fc6-70f011c91ebe,7cf5feb0-df82-4a49-ad56-407638f6fd20,85a2e69f-c892-4fa0-a654-791d8b3c61ea,96199b55-77c7-4282-a961-e39c4f657f17,9c90b2fc-01c4-4ed7-a306-55ca626d7301,b87605a9-c5bf-4a28-bb0e-6d5a01153bb2,c522d0dc-011f-4d24-8f6c-16cbf5a3b033,cf7d1455-4905-4050-b960-63ec455e17f4	5fd6c07b-d5ac-49ed-ac34-9880f5e6d568	TAGGACTTCACGACCTCAGGA	1	2	0.523810	3160	0	0.000000	REVIEW	152.466667
chr20	10007565	C	A	0/1	50.0	31	31	14	17	0	0.5483870967741935	0.048387096774193505	8	6	8	9	1	32.96774193548387	60	056e1e32-798a-4c3c-b689-7fc85b61e685,1048f052-78a6-4365-b963-158646e0873d,1cfe4922-26dd-46c1-aac3-7fc45b47fbc6,3071c67a-4df2-4938-abd9-cb2c2c1698ec,30f0746e-65be-4ce2-ab62-fadd28e3722a,485ec638-968d-43c0-a1e5-dc895c15c952,5fd6c07b-d5ac-49ed-ac34-9880f5e6d568,7cf5feb0-df82-4a49-ad56-407638f6fd20,85a2e69f-c892-4fa0-a654-791d8b3c61ea,96199b55-77c7-4282-a961-e39c4f657f17,9c90b2fc-01c4-4ed7-a306-55ca626d7301,b87605a9-c5bf-4a28-bb0e-6d5a01153bb2,c522d0dc-011f-4d24-8f6c-16cbf5a3b033,cd614b6d-f2dd-44c4-a587-00afd971c13a	00533577-803b-48cd-814e-adfa3e058d91,079537d5-2cc4-41c6-97d7-85e9923fb298,199fcf4a-a100-4779-b89e-c80f4793cdfc,1e9a0378-af6a-4ace-896f-6bd0fa149f46,52db24c7-d0ea-41ef-ad37-b189842eecb6,5e07e48c-cd07-4b70-82ae-947dfe720e48,642baa4b-ae5d-4d54-b5db-1e0cd24631b1,6601f549-7526-41de-88c5-de446e05772e,72209365-d223-4c87-9ba5-63376a9170fd,7c1164dc-2545-441b-ab5d-11227989dfe6,9a90548e-31da-4b38-aba0-8b9f7a75e936,9f533136-3691-4e8d-8c12-6b083479fd05,a634b28d-7579-4d22-b746-c799d1222281,a8819ff7-3e34-4ef4-895b-cd1c64419911,cb0e7285-3c4a-461b-8540-7f0a3fda312c,e7f01a96-5fbc-463c-9f12-f4e323ea44f3,ee7baefc-3cc4-4da7-b0d2-01bbee4b7441		AAATGTGGACCCAAACAGCAT	3	3	0.428571	4097	8	0.400000	REVIEW	129.935484
chr20	10004393	A	G	0/1	50.0	30	29	17	12	1	0.41379310344827586	0.08620689655172414	8	9	5	7	1	22.066666666666666	60	00533577-803b-48cd-814e-adfa3e058d91,079537d5-2cc4-41c6-97d7-85e9923fb298,199fcf4a-a100-4779-b89e-c80f4793cdfc,1de25dab-c1cd-4c85-9b97-0104f8f411a5,26efcc36-d025-471e-933a-e57a2447c465,6601f549-7526-41de-88c5-de446e05772e,72209365-d223-4c87-9ba5-63376a9170fd,7c1164dc-2545-441b-ab5d-11227989dfe6,9a90548e-31da-4b38-aba0-8b9f7a75e936,9d796ae7-6945-4d1e-abb4-7bdce517a96d,9f533136-3691-4e8d-8c12-6b083479fd05,a634b28d-7579-4d22-b746-c799d1222281,a8819ff7-3e34-4ef4-895b-cd1c64419911,ba8d2243-2979-4ca1-8f4b-ba27a001369f,cb0e7285-3c4a-461b-8540-7f0a3fda312c,d82bf195-bf2d-40cc-9860-ff07ebb5a49b,e7f01a96-5fbc-463c-9f12-f4e323ea44f3	056e1e32-798a-4c3c-b689-7fc85b61e685,1cfe4922-26dd-46c1-aac3-7fc45b47fbc6,30f0746e-65be-4ce2-ab62-fadd28e3722a,485ec638-968d-43c0-a1e5-dc895c15c952,581a2e54-d186-4284-8fc6-70f011c91ebe,5fd6c07b-d5ac-49ed-ac34-9880f5e6d568,7cf5feb0-df82-4a49-ad56-407638f6fd20,85a2e69f-c892-4fa0-a654-791d8b3c61ea,96199b55-77c7-4282-a961-e39c4f657f17,b87605a9-c5bf-4a28-bb0e-6d5a01153bb2,c522d0dc-011f-4d24-8f6c-16cbf5a3b033,cf7d1455-4905-4050-b960-63ec455e17f4	5e07e48c-cd07-4b70-82ae-947dfe720e48	GGTTCCCAATAAGTAATGAGA	2	3	0.380952	925	0	0.000000	REVIEW	122.632644
chr20	10003468	C	G	0/1	50.0	24	24	13	11	0	0.4583333333333333	0.041666666666666685	5	8	6	5	1	30.791666666666668	60	056e1e32-798a-4c3c-b689-7fc85b61e685,1048f052-78a6-4365-b963-158646e0873d,1cfe4922-26dd-46c1-aac3-7fc45b47fbc6,30f0746e-65be-4ce2-ab62-fadd28e3722a,485ec638-968d-43c0-a1e5-dc895c15c952,581a2e54-d186-4284-8fc6-70f011c91ebe,5fd6c07b-d5ac-49ed-ac34-9880f5e6d568,642baa4b-ae5d-4d54-b5db-1e0cd24631b1,85a2e69f-c892-4fa0-a654-791d8b3c61ea,9c90b2fc-01c4-4ed7-a306-55ca626d7301,b87605a9-c5bf-4a28-bb0e-6d5a01153bb2,c522d0dc-011f-4d24-8f6c-16cbf5a3b033,cf7d1455-4905-4050-b960-63ec455e17f4	00533577-803b-48cd-814e-adfa3e058d91,199fcf4a-a100-4779-b89e-c80f4793cdfc,1de25dab-c1cd-4c85-9b97-0104f8f411a5,26efcc36-d025-471e-933a-e57a2447c465,72209365-d223-4c87-9ba5-63376a9170fd,7c1164dc-2545-441b-ab5d-11227989dfe6,9a90548e-31da-4b38-aba0-8b9f7a75e936,9d796ae7-6945-4d1e-abb4-7bdce517a96d,a634b28d-7579-4d22-b746-c799d1222281,cb0e7285-3c4a-461b-8540-7f0a3fda312c,e7f01a96-5fbc-463c-9f12-f4e323ea44f3		GAGAGAGGGGCTCCCGAAAGG	1	4	0.666667	0	11	1.000000	REVIEW	122.066667
chr20	10002161	A	T	0/1	50.0	35	35	21	14	0	0.4	0.09999999999999998	10	11	6	8	1	36.77142857142857	60	00533577-803b-48cd-814e-adfa3e058d91,079537d5-2cc4-41c6-97d7-85e9923fb298,199fcf4a-a100-4779-b89e-c80f4793cdfc,1de25dab-c1cd-4c85-9b97-0104f8f411a5,26efcc36-d025-471e-933a-e57a2447c465,52db24c7-d0ea-41ef-ad37-b189842eecb6,5e07e48c-cd07-4b70-82ae-947dfe720e48,642baa4b-ae5d-4d54-b5db-1e0cd24631b1,6601f549-7526-41de-88c5-de446e05772e,72209365-d223-4c87-9ba5-63376a9170fd,7c1164dc-2545-441b-ab5d-11227989dfe6,8a2bf593-2ce9-4976-a7e2-eba7641ee55a,9a90548e-31da-4b38-aba0-8b9f7a75e936,9d796ae7-6945-4d1e-abb4-7bdce517a96d,9f533136-3691-4e8d-8c12-6b083479fd05,a634b28d-7579-4d22-b746-c799d1222281,ba8d2243-2979-4ca1-8f4b-ba27a001369f,cb0e7285-3c4a-461b-8540-7f0a3fda312c,cd614b6d-f2dd-44c4-a587-00afd971c13a,d82bf195-bf2d-40cc-9860-ff07ebb5a49b,e7f01a96-5fbc-463c-9f12-f4e323ea44f3	056e1e32-798a-4c3c-b689-7fc85b61e685,1048f052-78a6-4365-b963-158646e0873d,1cfe4922-26dd-46c1-aac3-7fc45b47fbc6,3071c67a-4df2-4938-abd9-cb2c2c1698ec,30f0746e-65be-4ce2-ab62-fadd28e3722a,485ec638-968d-43c0-a1e5-dc895c15c952,581a2e54-d186-4284-8fc6-70f011c91ebe,5fd6c07b-d5ac-49ed-ac34-9880f5e6d568,85a2e69f-c892-4fa0-a654-791d8b3c61ea,96199b55-77c7-4282-a961-e39c4f657f17,9c90b2fc-01c4-4ed7-a306-55ca626d7301,b87605a9-c5bf-4a28-bb0e-6d5a01153bb2,c522d0dc-011f-4d24-8f6c-16cbf5a3b033,cf7d1455-4905-4050-b960-63ec455e17f4		TGATTTTTTTAAAATATAGGC	4	7	0.190476	1307	0	0.000000	REVIEW	103.417143
